operation,operand1,operand2,result,timestamp
Addition,2,3,5,2025-10-24T18:06:24.943358
Addition,2,3,5,2025-10-24T18:31:16.821931
Addition,2,3,5,2025-10-24T18:41:32.823416
Addition,2,3,5,2025-10-24T18:46:59.366603
Addition,2,3,5,2025-10-24T18:48:35.475561
Addition,2,3,5,2025-10-24T18:51:14.564695
Addition,2,3,5,2025-10-24T18:54:53.235505
Addition,2,3,5,2025-10-24T19:00:22.582684
Addition,2,3,5,2025-10-24T19:04:06.921896
Addition,2,3,5,2025-10-24T19:04:54.879983
Addition,2,3,5,2025-10-24T19:06:25.041429
Addition,2,3,5,2025-10-24T19:10:21.295139
Addition,2,3,5,2025-10-24T19:14:13.990629
Addition,2,3,5,2025-10-24T19:15:30.307418
Addition,2,3,5,2025-10-24T19:18:31.203851
Addition,2,3,5,2025-10-24T19:23:04.267977
Addition,2,3,5,2025-10-24T19:26:47.688352
Addition,2,3,5,2025-10-24T19:27:28.314223
Addition,2,3,5,2025-10-24T19:28:04.392314
Addition,2,3,5,2025-10-24T19:28:32.669966
Addition,2,3,5,2025-10-24T19:29:17.929079
